company_name,total_users,total_arr,arpu,arppu
Clickup,5559,6460098.959999999,96.84,207.77
Coda,2743,2743784.2800000003,83.36,256.91
Airtable,6809,4314797.64,52.81,112.58
Notion,9996,5639761.199999999,47.02,100.0
Miro,7350,3755643.12,42.58,221.49
Asana,8169,4139742.24,42.23,224.01
Monday,8726,4326330.36,41.32,132.5
Figma,8749,1397664.0,13.31,28.28
Trello,9505,421110.0,3.69,7.8
